"Language","Variable","Importance","MDA_scaled"
"Finnic","T_mean",1.88925831521318,0.573443604383779
"Finnic","T_seasonal",2.90155942365631,1
"Finnic","P_annual",2.56034546554322,0.856221637126814
"Finnic","P_seasonal",2.35947099567614,0.771578551069544
"Finnic","snow_mean",1.87218348348116,0.566248730626734
"Finnic","permafrost",0.528365354017025,0
"Finnic","dem_mean",2.02230449755476,0.62950567871797
"Finnic","roughness",2.02041876576316,0.628711082180026
"Finnic","river_length",1.30826450728977,0.32862847722828
"Finnic","lake_dist",1.5377244545677,0.425316712806424
"Finnic","sea_dist",2.35562603264858,0.769958387309343
"Finnic","woodland",1.12073334361836,0.249607900668392
"Finnic","swamp",1.26795191973969,0.311641839655818
"Finnic","soil_quality",1.930876181227,0.590980251110756
"Finnic","biodiversity",1.97756976127786,0.61065566689247
"Hungarian","T_mean",0.160885383590242,0.658267942546196
"Hungarian","T_seasonal",0.173762233785169,0.710961273344777
"Hungarian","P_annual",0.183135785110745,0.749318762426281
"Hungarian","P_seasonal",0.080924609569858,0.331060632327845
"Hungarian","snow_mean",0.2443956199702,1
"Hungarian","permafrost",2.21859933577662e-05,0
"Hungarian","dem_mean",0.0956593611743441,0.391356677461305
"Hungarian","roughness",0.116498053297168,0.476630644372123
"Hungarian","river_length",0.0673074692566747,0.275337961939403
"Hungarian","lake_dist",0.135809671526449,0.555655675509961
"Hungarian","sea_dist",0.140561146033364,0.575099174050663
"Hungarian","woodland",0.105103574481184,0.430003322283323
"Hungarian","swamp",0.00482378277121843,0.0196486037771016
"Hungarian","soil_quality",0.127584765526553,0.521998555478349
"Hungarian","biodiversity",0.207963942895097,0.850918013131677
"Khanty","T_mean",1.33390173328204,1
"Khanty","T_seasonal",1.27065645523355,0.936123865564921
"Khanty","P_annual",1.06892588782969,0.73238108443154
"Khanty","P_seasonal",0.53409677628555,0.192217181561291
"Khanty","snow_mean",1.12041992032965,0.784388757479476
"Khanty","permafrost",0.731905289898858,0.391998787364006
"Khanty","dem_mean",0.963828279713446,0.626235153035822
"Khanty","roughness",0.774551203346355,0.435070083507103
"Khanty","river_length",0.417452636962172,0.0744095450959798
"Khanty","lake_dist",0.497138146767045,0.154889898631959
"Khanty","sea_dist",0.759455176886101,0.419823477825784
"Khanty","woodland",0.343777978802636,0
"Khanty","swamp",0.568512951763686,0.22697665008473
"Khanty","soil_quality",0.751058132145021,0.411342674589733
"Khanty","biodiversity",1.07219322151486,0.735681008981769
"Mansi","T_mean",0.124708100599941,0.580033776426409
"Mansi","T_seasonal",0.114229066156473,0.528654072108936
"Mansi","P_annual",0.150848625620259,0.70820326126713
"Mansi","P_seasonal",0.110564906689939,0.510688349123843
"Mansi","snow_mean",0.142515432349781,0.667344820676319
"Mansi","permafrost",0.0732048695083661,0.32750852716271
"Mansi","dem_mean",0.210361386861149,1
"Mansi","roughness",0.199316724179229,0.945846966536407
"Mansi","river_length",0.0524579695858009,0.225784500080225
"Mansi","lake_dist",0.145340952873447,0.68119861701911
"Mansi","sea_dist",0.131427848223466,0.612981339281305
"Mansi","woodland",0.0212279872735873,0.0726609212144563
"Mansi","swamp",0.00640858910430967,0
"Mansi","soil_quality",0.0971760727888683,0.445041620820398
"Mansi","biodiversity",0.0691226452511861,0.307492992675916
"Mordvin","T_mean",0.101768433806117,0.941977973316125
"Mordvin","T_seasonal",0.054773519814113,0.506988731733706
"Mordvin","P_annual",0.01784049073756,0.165133221367525
"Mordvin","P_seasonal",0.108036957008509,1
"Mordvin","snow_mean",0.0227607949556015,0.210676009264208
"Mordvin","permafrost",0,0
"Mordvin","dem_mean",0.0344102292824097,0.31850424368857
"Mordvin","roughness",0.0370148808784962,0.342613138165127
"Mordvin","river_length",0.0242901047527923,0.224831441252822
"Mordvin","lake_dist",0.0854471789500205,0.790906938847699
"Mordvin","sea_dist",0.0748996036758511,0.693277613048208
"Mordvin","woodland",0.011327930283866,0.104852363464604
"Mordvin","swamp",0,0
"Mordvin","soil_quality",0.0543161112237079,0.502754915796359
"Mordvin","biodiversity",0.0417476435534515,0.386420024308565
"Mari","T_mean",0.122439577947528,0.754986380733795
"Mari","T_seasonal",0.0591993373989711,0.365034690856597
"Mari","P_annual",0.0576864565725491,0.355705971836417
"Mari","P_seasonal",0.162174551848902,1
"Mari","snow_mean",0.00166872895760008,0.0102897090731894
"Mari","permafrost",0,0
"Mari","dem_mean",0.0396023263421176,0.244195688476544
"Mari","roughness",0.03147831796937,0.194101464197035
"Mari","river_length",0.0403323715849456,0.248697290204465
"Mari","lake_dist",0.0834633479194672,0.514651324563115
"Mari","sea_dist",0.0212282068323939,0.130897274513033
"Mari","woodland",0.020471039823719,0.126228434673227
"Mari","swamp",0,0
"Mari","soil_quality",0.0101151304365249,0.062371872289489
"Mari","biodiversity",0.139804319686593,0.862060773979188
"Permic","T_mean",1.16617302687682,0.528755509127604
"Permic","T_seasonal",2.1060495809991,1
"Permic","P_annual",1.20266789393713,0.547053662190218
"Permic","P_seasonal",1.92207826516952,0.907758663961781
"Permic","snow_mean",2.10058700634442,0.997261120941142
"Permic","permafrost",0.394866152341726,0.142030131414461
"Permic","dem_mean",1.07476483770276,0.482924378028561
"Permic","roughness",1.17457925027265,0.532970303556676
"Permic","river_length",0.544847796342589,0.217229393655229
"Permic","lake_dist",0.836552673407993,0.36348723536302
"Permic","sea_dist",1.51013016425823,0.701212099704651
"Permic","woodland",0.325412846716948,0.107206954365302
"Permic","swamp",0.111593258799283,0
"Permic","soil_quality",0.68244106008305,0.286217248745834
"Permic","biodiversity",1.12654409546577,0.508885968255766
"Saami","T_mean",1.87127509358167,0.390004627606789
"Saami","T_seasonal",1.90846079859047,0.401042670444189
"Saami","P_annual",1.94848837169216,0.412924281038074
"Saami","P_seasonal",1.4195322742244,0.25591125515699
"Saami","snow_mean",0.736789357616598,0.0532488191842144
"Saami","permafrost",0.714913010965242,0.0467551396531595
"Saami","dem_mean",1.29916190216782,0.220181037784482
"Saami","roughness",1.34513451832144,0.233827349084238
"Saami","river_length",0.743737759290522,0.0553113524966817
"Saami","lake_dist",0.923810393875396,0.108763329645453
"Saami","sea_dist",1.21690711600336,0.195764885043809
"Saami","woodland",0.55740113531853,0
"Saami","swamp",0.649388389090919,0.0273050960683449
"Saami","soil_quality",0.99537821861463,0.13000721126782
"Saami","biodiversity",3.92626874677624,1
"Samoyedic","T_mean",21.2267690097348,0.925619190376999
"Samoyedic","T_seasonal",15.6378502545711,0.616847882745996
"Samoyedic","P_annual",20.239510908872,0.871076086759495
"Samoyedic","P_seasonal",14.7774488274757,0.569313236892292
"Samoyedic","snow_mean",10.1557469257222,0.313977812957807
"Samoyedic","permafrost",10.8128977694773,0.350283462444945
"Samoyedic","dem_mean",15.7635919723298,0.623794742472706
"Samoyedic","roughness",15.8467510704985,0.628389037828899
"Samoyedic","river_length",5.39335274388918,0.0508695547423392
"Samoyedic","lake_dist",6.36330600570573,0.104456616947412
"Samoyedic","sea_dist",14.078119261663,0.530677337184228
"Samoyedic","woodland",5.54091628952352,0.0590220062164436
"Samoyedic","swamp",5.2335436865405,0.0420405747963993
"Samoyedic","soil_quality",4.47258775847789,0
"Samoyedic","biodiversity",22.5730997459541,1
